{
  "_generated": "Generated by SweetTooth, do not edit",
  "description": "It's just a fork of the originl; adjusted for gnome shell version 46. This Extension Is Fork From This Extension https://github.com/goodm4ven/athan-gnome-shell-extension With Some Edits Like Add An Arabic Support",
  "name": "AthanTimes",
  "settings-schema": "org.gnome.shell.extensions.athan-2",
  "shell-version": [
    "46"
  ],
  "url": "https://github.com/IslamMohammedSalama/athan-2-gnome-shell-extension",
  "uuid": "athan-2@Islam495",
  "version": 1
}
